Aglomeración,SC Función ciudades,Departamento,Municipio,Divipola,AÑO,CV-01-1
A-Medellín,Centro aglomeración,Antioquia,Medellín,5001,2018,2529403
Fuera SC,Fuera SC,Antioquia,Abejorral,5002,2018,18991
Fuera SC,Fuera SC,Antioquia,Abriaquí,5004,2018,1971
Fuera SC,Fuera SC,Antioquia,Alejandría,5021,2018,3361
Fuera SC,Fuera SC,Antioquia,Amagá,5030,2018,30181
Fuera SC,Fuera SC,Antioquia,Amalfi,5031,2018,22567
Fuera SC,Fuera SC,Antioquia,Andes,5034,2018,47003
Fuera SC,Fuera SC,Antioquia,Angelópolis,5036,2018,9353
Fuera SC,Fuera SC,Antioquia,Angostura,5038,2018,11040
Fuera SC,Fuera SC,Antioquia,Anorí,5040,2018,17737
Fuera SC,Fuera SC,Antioquia,Santafé de Antioquia,5042,2018,25067
Fuera SC,Fuera SC,Antioquia,Anzá,5044,2018,7601
SA-Apartadó-Turbo,Uninodal,Antioquia,Apartadó,5045,2018,195068
Fuera SC,Fuera SC,Antioquia,Arboletes,5051,2018,43416
Fuera SC,Fuera SC,Antioquia,Argelia,5055,2018,8306
Fuera SC,Fuera SC,Antioquia,Armenia,5059,2018,3945
A-Medellín,En aglomeración,Antioquia,Barbosa,5079,2018,52395
Fuera SC,Fuera SC,Antioquia,Belmira,5086,2018,6930
A-Medellín,En aglomeración,Antioquia,Bello,5088,2018,482287
Fuera SC,Fuera SC,Antioquia,Betania,5091,2018,8976
Fuera SC,Fuera SC,Antioquia,Betulia,5093,2018,17726
Fuera SC,Fuera SC,Antioquia,Ciudad Bolívar,5101,2018,26698
Fuera SC,Fuera SC,Antioquia,Briceño,5107,2018,8673
Fuera SC,Fuera SC,Antioquia,Buriticá,5113,2018,6495
Fuera SC,Fuera SC,Antioquia,Cáceres,5120,2018,41012
Fuera SC,Fuera SC,Antioquia,Caicedo,5125,2018,8396
A-Medellín,En aglomeración,Antioquia,Caldas,5129,2018,80528
Fuera SC,Fuera SC,Antioquia,Campamento,5134,2018,8915
Fuera SC,Fuera SC,Antioquia,Cañasgordas,5138,2018,16737
Fuera SC,Fuera SC,Antioquia,Caracolí,5142,2018,4519
Fuera SC,Fuera SC,Antioquia,Caramanta,5145,2018,5308
Fuera SC,Fuera SC,Antioquia,Carepa,5147,2018,60141
A-Rionegro,En aglomeración,Antioquia,El Carmen de Viboral,5148,2018,48498
Fuera SC,Fuera SC,Antioquia,Carolina,5150,2018,3512
SA-Otros SC,Uninodal,Antioquia,Caucasia,5154,2018,120479
Fuera SC,Fuera SC,Antioquia,Chigorodó,5172,2018,82151
Fuera SC,Fuera SC,Antioquia,Cisneros,5190,2018,8869
Fuera SC,Fuera SC,Antioquia,Cocorná,5197,2018,14924
Fuera SC,Fuera SC,Antioquia,Concepción,5206,2018,3194
Fuera SC,Fuera SC,Antioquia,Concordia,5209,2018,20371
A-Medellín,En aglomeración,Antioquia,Copacabana,5212,2018,72735
Fuera SC,Fuera SC,Antioquia,Dabeiba,5234,2018,23068
Fuera SC,Fuera SC,Antioquia,Don Matías,5237,2018,23709
Fuera SC,Fuera SC,Antioquia,Ebéjico,5240,2018,12489
Fuera SC,Fuera SC,Antioquia,El Bagre,5250,2018,50557
Fuera SC,Fuera SC,Antioquia,Entrerríos,5264,2018,10404
A-Medellín,En aglomeración,Antioquia,Envigado,5266,2018,238221
Fuera SC,Fuera SC,Antioquia,Fredonia,5282,2018,21142
Fuera SC,Fuera SC,Antioquia,Frontino,5284,2018,15703
Fuera SC,Fuera SC,Antioquia,Giraldo,5306,2018,3977
A-Medellín,En aglomeración,Antioquia,Girardota,5308,2018,58030
Fuera SC,Fuera SC,Antioquia,Gómez Plata,5310,2018,13266
Fuera SC,Fuera SC,Antioquia,Granada,5313,2018,9881
Fuera SC,Fuera SC,Antioquia,Guadalupe,5315,2018,6318
A-Rionegro,En aglomeración,Antioquia,Guarne,5318,2018,50401
Fuera SC,Fuera SC,Antioquia,Guatapé,5321,2018,5097
Fuera SC,Fuera SC,Antioquia,Heliconia,5347,2018,5690
Fuera SC,Fuera SC,Antioquia,Hispania,5353,2018,4885
A-Medellín,En aglomeración,Antioquia,Itagüí,5360,2018,276916
Fuera SC,Fuera SC,Antioquia,Ituango,5361,2018,19919
Fuera SC,Fuera SC,Antioquia,Jardín,5364,2018,13516
Fuera SC,Fuera SC,Antioquia,Jericó,5368,2018,11852
A-Rionegro,En aglomeración,Antioquia,La Ceja,5376,2018,54615
A-Medellín,En aglomeración,Antioquia,La Estrella,5380,2018,65300
Fuera SC,Fuera SC,Antioquia,La Pintada,5390,2018,6402
Fuera SC,Fuera SC,Antioquia,La Unión,5400,2018,19413
Fuera SC,Fuera SC,Antioquia,Liborina,5411,2018,9572
Fuera SC,Fuera SC,Antioquia,Maceo,5425,2018,6611
A-Rionegro,En aglomeración,Antioquia,Marinilla,5440,2018,55798
Fuera SC,Fuera SC,Antioquia,Montebello,5467,2018,5825
Fuera SC,Fuera SC,Antioquia,Murindó,5475,2018,4891
Fuera SC,Fuera SC,Antioquia,Mutatá,5480,2018,22028
Fuera SC,Fuera SC,Antioquia,Nariño,5483,2018,17891
Fuera SC,Fuera SC,Antioquia,Necoclí,5490,2018,67359
Fuera SC,Fuera SC,Antioquia,Nechí,5495,2018,28585
Fuera SC,Fuera SC,Antioquia,Olaya,5501,2018,3341
Fuera SC,Fuera SC,Antioquia,Peñol,5541,2018,15746
Fuera SC,Fuera SC,Antioquia,Peque,5543,2018,11321
Fuera SC,Fuera SC,Antioquia,Pueblorrico,5576,2018,6675
Fuera SC,Fuera SC,Antioquia,Puerto Berrío,5579,2018,49392
Fuera SC,Fuera SC,Antioquia,Puerto Nare,5585,2018,19209
Fuera SC,Fuera SC,Antioquia,Puerto Triunfo,5591,2018,21317
Fuera SC,Fuera SC,Antioquia,Remedios,5604,2018,31333
Fuera SC,Fuera SC,Antioquia,Retiro,5607,2018,19702
A-Rionegro,Centro aglomeración,Antioquia,Rionegro,5615,2018,126193
Fuera SC,Fuera SC,Antioquia,Sabanalarga,5628,2018,8191
A-Medellín,En aglomeración,Antioquia,Sabaneta,5631,2018,53914
Fuera SC,Fuera SC,Antioquia,Salgar,5642,2018,17397
Fuera SC,Fuera SC,Antioquia,San Andrés de Cuerquía,5647,2018,5917
Fuera SC,Fuera SC,Antioquia,San Carlos,5649,2018,16132
Fuera SC,Fuera SC,Antioquia,San Francisco,5652,2018,5021
Fuera SC,Fuera SC,Antioquia,San Jerónimo,5656,2018,12890
Fuera SC,Fuera SC,Antioquia,San José de La Montaña,5658,2018,3436
Fuera SC,Fuera SC,Antioquia,San Juan de Urabá,5659,2018,26646
Fuera SC,Fuera SC,Antioquia,San Luis,5660,2018,10926
Fuera SC,Fuera SC,Antioquia,San Pedro,5664,2018,27978
Fuera SC,Fuera SC,Antioquia,San Pedro de Urabá,5665,2018,32063
Fuera SC,Fuera SC,Antioquia,San Rafael,5667,2018,12819
Fuera SC,Fuera SC,Antioquia,San Roque,5670,2018,16366
Fuera SC,Fuera SC,Antioquia,San Vicente,5674,2018,16509
Fuera SC,Fuera SC,Antioquia,Santa Bárbara,5679,2018,21591
Fuera SC,Fuera SC,Antioquia,Santa Rosa de Osos,5686,2018,36991
Fuera SC,Fuera SC,Antioquia,Santo Domingo,5690,2018,10049
Fuera SC,Fuera SC,Antioquia,El Santuario,5697,2018,27273
Fuera SC,Fuera SC,Antioquia,Segovia,5736,2018,41711
Fuera SC,Fuera SC,Antioquia,Sonsón,5756,2018,34339
Fuera SC,Fuera SC,Antioquia,Sopetrán,5761,2018,15057
Fuera SC,Fuera SC,Antioquia,Támesis,5789,2018,14224
Fuera SC,Fuera SC,Antioquia,Tarazá,5790,2018,46343
Fuera SC,Fuera SC,Antioquia,Tarso,5792,2018,8051
Fuera SC,Fuera SC,Antioquia,Titiribí,5809,2018,14691
Fuera SC,Fuera SC,Antioquia,Toledo,5819,2018,6651
SA-Apartadó-Turbo,Uninodal,Antioquia,Turbo,5837,2018,172314
Fuera SC,Fuera SC,Antioquia,Uramita,5842,2018,8212
Fuera SC,Fuera SC,Antioquia,Urrao,5847,2018,46508
Fuera SC,Fuera SC,Antioquia,Valdivia,5854,2018,23931
Fuera SC,Fuera SC,Antioquia,Valparaíso,5856,2018,6102
Fuera SC,Fuera SC,Antioquia,Vegachí,5858,2018,8949
Fuera SC,Fuera SC,Antioquia,Venecia,5861,2018,13184
Fuera SC,Fuera SC,Antioquia,Vigía del Fuerte,5873,2018,5610
Fuera SC,Fuera SC,Antioquia,Yalí,5885,2018,8577
Fuera SC,Fuera SC,Antioquia,Yarumal,5887,2018,48556
Fuera SC,Fuera SC,Antioquia,Yolombó,5890,2018,25231
Fuera SC,Fuera SC,Antioquia,Yondó,5893,2018,19757
Fuera SC,Fuera SC,Antioquia,Zaragoza,5895,2018,31884
A-Barranquilla,Centro aglomeración,Atlántico,Barranquilla,8001,2018,1232462
A-Barranquilla,En aglomeración,Atlántico,Baranoa,8078,2018,59551
Fuera SC,Fuera SC,Atlántico,Campo de La Cruz,8137,2018,15206
Fuera SC,Fuera SC,Atlántico,Candelaria,8141,2018,12554
A-Barranquilla,En aglomeración,Atlántico,Galapa,8296,2018,46314
Fuera SC,Fuera SC,Atlántico,Juan de Acosta,8372,2018,17487
Fuera SC,Fuera SC,Atlántico,Luruaco,8421,2018,27909
A-Barranquilla,En aglomeración,Atlántico,Malambo,8433,2018,127202
Fuera SC,Fuera SC,Atlántico,Manatí,8436,2018,16294
A-Barranquilla,En aglomeración,Atlántico,Palmar de Varela,8520,2018,25762
Fuera SC,Fuera SC,Atlántico,Piojó,8549,2018,5169
A-Barranquilla,En aglomeración,Atlántico,Polonuevo,8558,2018,15652
A-Barranquilla,En aglomeración,Atlántico,Ponedera,8560,2018,23243
A-Barranquilla,En aglomeración,Atlántico,Puerto Colombia,8573,2018,26741
Fuera SC,Fuera SC,Atlántico,Repelón,8606,2018,27109
A-Barranquilla,En aglomeración,Atlántico,Sabanagrande,8634,2018,33694
A-Barranquilla,En aglomeración,Atlántico,Sabanalarga,8638,2018,101339
Fuera SC,Fuera SC,Atlántico,Santa Lucía,8675,2018,11296
A-Barranquilla,En aglomeración,Atlántico,Santo Tomás,8685,2018,25677
A-Barranquilla,En aglomeración,Atlántico,Soledad,8758,2018,666247
Fuera SC,Fuera SC,Atlántico,Suan,8770,2018,8470
A-Barranquilla,En aglomeración,Atlántico,Tubará,8832,2018,11017
A-Barranquilla,En aglomeración,Atlántico,Usiacurí,8849,2018,9529
A-Bogotá,Centro aglomeración,"Bogotá, D.C.","Bogotá, D.C.",11001,2018,8181047
A-Cartagena,Centro aglomeración,Bolívar,Cartagena,13001,2018,1036134
Fuera SC,Fuera SC,Bolívar,Achí,13006,2018,24259
Fuera SC,Fuera SC,Bolívar,Altos del Rosario,13030,2018,14485
Fuera SC,Fuera SC,Bolívar,Arenal,13042,2018,20177
A-Cartagena,En aglomeración,Bolívar,Arjona,13052,2018,76676
Fuera SC,Fuera SC,Bolívar,Arroyohondo,13062,2018,10305
Fuera SC,Fuera SC,Bolívar,Barranco de Loba,13074,2018,18757
Fuera SC,Fuera SC,Bolívar,Calamar,13140,2018,24246
Fuera SC,Fuera SC,Bolívar,Cantagallo,13160,2018,9718
Fuera SC,Fuera SC,Bolívar,Cicuco,13188,2018,11138
Fuera SC,Fuera SC,Bolívar,Córdoba,13212,2018,12317
A-Cartagena,En aglomeración,Bolívar,Clemencia,13222,2018,12857
Fuera SC,Fuera SC,Bolívar,El Carmen de Bolívar,13244,2018,77840
Fuera SC,Fuera SC,Bolívar,El Guamo,13248,2018,7769
Fuera SC,Fuera SC,Bolívar,El Peñón,13268,2018,10112
Fuera SC,Fuera SC,Bolívar,Hatillo de Loba,13300,2018,12200
Fuera SC,Fuera SC,Bolívar,Magangué,13430,2018,123955
Fuera SC,Fuera SC,Bolívar,Mahates,13433,2018,26802
Fuera SC,Fuera SC,Bolívar,Margarita,13440,2018,10151
Fuera SC,Fuera SC,Bolívar,María La Baja,13442,2018,49138
Fuera SC,Fuera SC,Bolívar,Montecristo,13458,2018,22780
Fuera SC,Fuera SC,Bolívar,Mompós,13468,2018,45104
Fuera SC,Fuera SC,Bolívar,Morales,13473,2018,22160
Fuera SC,Fuera SC,Bolívar,Norosí,13490,2018,5119
Fuera SC,Fuera SC,Bolívar,Pinillos,13549,2018,25705
Fuera SC,Fuera SC,Bolívar,Regidor,13580,2018,11090
Fuera SC,Fuera SC,Bolívar,Río Viejo,13600,2018,18976
A-Barranquilla,En aglomeración,Bolívar,San Cristóbal,13620,2018,6722
Fuera SC,Fuera SC,Bolívar,San Estanislao,13647,2018,16573
Fuera SC,Fuera SC,Bolívar,San Fernando,13650,2018,14037
Fuera SC,Fuera SC,Bolívar,San Jacinto,13654,2018,21635
Fuera SC,Fuera SC,Bolívar,San Jacinto del Cauca,13655,2018,14349
Fuera SC,Fuera SC,Bolívar,San Juan Nepomuceno,13657,2018,33885
Fuera SC,Fuera SC,Bolívar,San Martín de Loba,13667,2018,18483
Fuera SC,Fuera SC,Bolívar,San Pablo,13670,2018,35559
Fuera SC,Fuera SC,Bolívar,Santa Catalina,13673,2018,13553
A-Cartagena,En aglomeración,Bolívar,Santa Rosa,13683,2018,24158
Fuera SC,Fuera SC,Bolívar,Santa Rosa del Sur,13688,2018,44980
Fuera SC,Fuera SC,Bolívar,Simití,13744,2018,21250
Fuera SC,Fuera SC,Bolívar,Soplaviento,13760,2018,8498
Fuera SC,Fuera SC,Bolívar,Talaigua Nuevo,13780,2018,11445
Fuera SC,Fuera SC,Bolívar,Tiquisio,13810,2018,23385
A-Cartagena,En aglomeración,Bolívar,Turbaco,13836,2018,75208
A-Cartagena,En aglomeración,Bolívar,Turbaná,13838,2018,15353
A-Cartagena,En aglomeración,Bolívar,Villanueva,13873,2018,20393
Fuera SC,Fuera SC,Bolívar,Zambrano,13894,2018,11844
A-Tunja,Centro aglomeración,Boyacá,Tunja,15001,2018,199221
Fuera SC,Fuera SC,Boyacá,Almeida,15022,2018,1601
Fuera SC,Fuera SC,Boyacá,Aquitania,15047,2018,14675
Fuera SC,Fuera SC,Boyacá,Arcabuco,15051,2018,5247
Fuera SC,Fuera SC,Boyacá,Belén,15087,2018,6966
Fuera SC,Fuera SC,Boyacá,Berbeo,15090,2018,1939
Fuera SC,Fuera SC,Boyacá,Betéitiva,15092,2018,1933
Fuera SC,Fuera SC,Boyacá,Boavita,15097,2018,6608
Fuera SC,Fuera SC,Boyacá,Boyacá,15104,2018,4297
Fuera SC,Fuera SC,Boyacá,Briceño,15106,2018,2530
Fuera SC,Fuera SC,Boyacá,Buenavista,15109,2018,5751
A-Sogamoso,En aglomeración,Boyacá,Busbanzá,15114,2018,1251
Fuera SC,Fuera SC,Boyacá,Caldas,15131,2018,3511
Fuera SC,Fuera SC,Boyacá,Campohermoso,15135,2018,3767
A-Duitama,En aglomeración,Boyacá,Cerinza,15162,2018,3601
Fuera SC,Fuera SC,Boyacá,Chinavita,15172,2018,3437
Fuera SC,Fuera SC,Boyacá,Chiquinquirá,15176,2018,68126
Fuera SC,Fuera SC,Boyacá,Chiscas,15180,2018,3999
Fuera SC,Fuera SC,Boyacá,Chita,15183,2018,9171
Fuera SC,Fuera SC,Boyacá,Chitaraque,15185,2018,5403
A-Tunja,En aglomeración,Boyacá,Chivatá,15187,2018,6579
Fuera SC,Fuera SC,Boyacá,Ciénega,15189,2018,4565
A-Tunja,En aglomeración,Boyacá,Cómbita,15204,2018,15174
Fuera SC,Fuera SC,Boyacá,Coper,15212,2018,3511
A-Sogamoso,En aglomeración,Boyacá,Corrales,15215,2018,2207
Fuera SC,Fuera SC,Boyacá,Covarachía,15218,2018,2741
Fuera SC,Fuera SC,Boyacá,Cubará,15223,2018,6739
Fuera SC,Fuera SC,Boyacá,Cucaita,15224,2018,4691
Fuera SC,Fuera SC,Boyacá,Cuítiva,15226,2018,1862
Fuera SC,Fuera SC,Boyacá,Chíquiza,15232,2018,5313
Fuera SC,Fuera SC,Boyacá,Chivor,15236,2018,1668
A-Duitama,Centro aglomeración,Boyacá,Duitama,15238,2018,113954
Fuera SC,Fuera SC,Boyacá,El Cocuy,15244,2018,5122
Fuera SC,Fuera SC,Boyacá,El Espino,15248,2018,4221
A-Sogamoso,En aglomeración,Boyacá,Firavitoba,15272,2018,5774
Fuera SC,Fuera SC,Boyacá,Floresta,15276,2018,4383
Fuera SC,Fuera SC,Boyacá,Gachantivá,15293,2018,2532
Fuera SC,Fuera SC,Boyacá,Gámeza,15296,2018,4622
Fuera SC,Fuera SC,Boyacá,Garagoa,15299,2018,17033
Fuera SC,Fuera SC,Boyacá,Guacamayas,15317,2018,1574
Fuera SC,Fuera SC,Boyacá,Guateque,15322,2018,9411
Fuera SC,Fuera SC,Boyacá,Guayatá,15325,2018,4779
Fuera SC,Fuera SC,Boyacá,Güicán,15332,2018,6609
A-Sogamoso,En aglomeración,Boyacá,Iza,15362,2018,2412
Fuera SC,Fuera SC,Boyacá,Jenesano,15367,2018,7693
Fuera SC,Fuera SC,Boyacá,Jericó,15368,2018,3814
Fuera SC,Fuera SC,Boyacá,Labranzagrande,15377,2018,5002
Fuera SC,Fuera SC,Boyacá,La Capilla,15380,2018,2404
Fuera SC,Fuera SC,Boyacá,La Victoria,15401,2018,1673
Fuera SC,Fuera SC,Boyacá,La Uvita,15403,2018,2259
Fuera SC,Fuera SC,Boyacá,Villa de Leyva,15407,2018,18050
Fuera SC,Fuera SC,Boyacá,Macanal,15425,2018,4838
Fuera SC,Fuera SC,Boyacá,Maripí,15442,2018,7335
Fuera SC,Fuera SC,Boyacá,Miraflores,15455,2018,9785
Fuera SC,Fuera SC,Boyacá,Mongua,15464,2018,4547
A-Sogamoso,En aglomeración,Boyacá,Monguí,15466,2018,4983
Fuera SC,Fuera SC,Boyacá,Moniquirá,15469,2018,21242
A-Tunja,En aglomeración,Boyacá,Motavita,15476,2018,8470
Fuera SC,Fuera SC,Boyacá,Muzo,15480,2018,8668
A-Sogamoso,En aglomeración,Boyacá,Nobsa,15491,2018,16526
Fuera SC,Fuera SC,Boyacá,Nuevo Colón,15494,2018,6680
A-Tunja,En aglomeración,Boyacá,Oicatá,15500,2018,2836
Fuera SC,Fuera SC,Boyacá,Otanche,15507,2018,10689
Fuera SC,Fuera SC,Boyacá,Pachavita,15511,2018,2344
Fuera SC,Fuera SC,Boyacá,Páez,15514,2018,2792
Fuera SC,Fuera SC,Boyacá,Paipa,15516,2018,31582
Fuera SC,Fuera SC,Boyacá,Pajarito,15518,2018,1545
Fuera SC,Fuera SC,Boyacá,Panqueba,15522,2018,1393
Fuera SC,Fuera SC,Boyacá,Pauna,15531,2018,10820
Fuera SC,Fuera SC,Boyacá,Paya,15533,2018,2509
Fuera SC,Fuera SC,Boyacá,Paz de Río,15537,2018,4503
Fuera SC,Fuera SC,Boyacá,Pesca,15542,2018,7543
Fuera SC,Fuera SC,Boyacá,Pisba,15550,2018,1287
Fuera SC,Fuera SC,Boyacá,Puerto Boyacá,15572,2018,56517
Fuera SC,Fuera SC,Boyacá,Quípama,15580,2018,7579
Fuera SC,Fuera SC,Boyacá,Ramiriquí,15599,2018,9763
Fuera SC,Fuera SC,Boyacá,Ráquira,15600,2018,13907
Fuera SC,Fuera SC,Boyacá,Rondón,15621,2018,2767
Fuera SC,Fuera SC,Boyacá,Saboyá,15632,2018,12183
Fuera SC,Fuera SC,Boyacá,Sáchica,15638,2018,3758
Fuera SC,Fuera SC,Boyacá,Samacá,15646,2018,20546
Fuera SC,Fuera SC,Boyacá,San Eduardo,15660,2018,1853
Fuera SC,Fuera SC,Boyacá,San José de Pare,15664,2018,5025
Fuera SC,Fuera SC,Boyacá,San Luis de Gaceno,15667,2018,4774
Fuera SC,Fuera SC,Boyacá,San Mateo,15673,2018,3392
Fuera SC,Fuera SC,Boyacá,San Miguel de Sema,15676,2018,4531
Fuera SC,Fuera SC,Boyacá,San Pablo de Borbur,15681,2018,10382
Fuera SC,Fuera SC,Boyacá,Santana,15686,2018,7628
Fuera SC,Fuera SC,Boyacá,Santa María,15690,2018,3796
Fuera SC,Fuera SC,Boyacá,Santa Rosa de Viterbo,15693,2018,13405
Fuera SC,Fuera SC,Boyacá,Santa Sofía,15696,2018,2585
Fuera SC,Fuera SC,Boyacá,Sativanorte,15720,2018,2215
Fuera SC,Fuera SC,Boyacá,Sativasur,15723,2018,1038
Fuera SC,Fuera SC,Boyacá,Siachoque,15740,2018,8972
Fuera SC,Fuera SC,Boyacá,Soatá,15753,2018,6713
Fuera SC,Fuera SC,Boyacá,Socotá,15755,2018,7549
Fuera SC,Fuera SC,Boyacá,Socha,15757,2018,6973
A-Sogamoso,Centro aglomeración,Boyacá,Sogamoso,15759,2018,111799
Fuera SC,Fuera SC,Boyacá,Somondoco,15761,2018,3411
Fuera SC,Fuera SC,Boyacá,Sora,15762,2018,3029
Fuera SC,Fuera SC,Boyacá,Sotaquirá,15763,2018,7340
Fuera SC,Fuera SC,Boyacá,Soracá,15764,2018,5167
Fuera SC,Fuera SC,Boyacá,Susacón,15774,2018,2912
Fuera SC,Fuera SC,Boyacá,Sutamarchán,15776,2018,5833
Fuera SC,Fuera SC,Boyacá,Sutatenza,15778,2018,3939
Fuera SC,Fuera SC,Boyacá,Tasco,15790,2018,6175
Fuera SC,Fuera SC,Boyacá,Tenza,15798,2018,3950
Fuera SC,Fuera SC,Boyacá,Tibaná,15804,2018,9023
A-Sogamoso,En aglomeración,Boyacá,Tibasosa,15806,2018,14470
Fuera SC,Fuera SC,Boyacá,Tinjacá,15808,2018,3044
Fuera SC,Fuera SC,Boyacá,Tipacoque,15810,2018,3041
Fuera SC,Fuera SC,Boyacá,Toca,15814,2018,10007
Fuera SC,Fuera SC,Boyacá,Togüí,15816,2018,4857
A-Sogamoso,En aglomeración,Boyacá,Tópaga,15820,2018,3692
Fuera SC,Fuera SC,Boyacá,Tota,15822,2018,5267
Fuera SC,Fuera SC,Boyacá,Tununguá,15832,2018,1913
Fuera SC,Fuera SC,Boyacá,Turmequé,15835,2018,5787
Fuera SC,Fuera SC,Boyacá,Tuta,15837,2018,9856
Fuera SC,Fuera SC,Boyacá,Tutazá,15839,2018,1792
Fuera SC,Fuera SC,Boyacá,Úmbita,15842,2018,10337
Fuera SC,Fuera SC,Boyacá,Ventaquemada,15861,2018,15729
Fuera SC,Fuera SC,Boyacá,Viracachá,15879,2018,3146
Fuera SC,Fuera SC,Boyacá,Zetaquira,15897,2018,4374
A-Manizales,Centro aglomeración,Caldas,Manizales,17001,2018,400136
Fuera SC,Fuera SC,Caldas,Aguadas,17013,2018,21439
Fuera SC,Fuera SC,Caldas,Anserma,17042,2018,33397
Fuera SC,Fuera SC,Caldas,Aranzazu,17050,2018,11026
Fuera SC,Fuera SC,Caldas,Belalcázar,17088,2018,10559
Fuera SC,Fuera SC,Caldas,Chinchiná,17174,2018,50880
Fuera SC,Fuera SC,Caldas,Filadelfia,17272,2018,10548
Fuera SC,Fuera SC,Caldas,La Dorada,17380,2018,78135
Fuera SC,Fuera SC,Caldas,La Merced,17388,2018,5172
Fuera SC,Fuera SC,Caldas,Manzanares,17433,2018,22781
Fuera SC,Fuera SC,Caldas,Marmato,17442,2018,9290
Fuera SC,Fuera SC,Caldas,Marquetalia,17444,2018,15010
Fuera SC,Fuera SC,Caldas,Marulanda,17446,2018,3382
Fuera SC,Fuera SC,Caldas,Neira,17486,2018,31180
Fuera SC,Fuera SC,Caldas,Norcasia,17495,2018,6228
Fuera SC,Fuera SC,Caldas,Pácora,17513,2018,11130
Fuera SC,Fuera SC,Caldas,Palestina,17524,2018,17639
Fuera SC,Fuera SC,Caldas,Pensilvania,17541,2018,26344
Fuera SC,Fuera SC,Caldas,Riosucio,17614,2018,63822
Fuera SC,Fuera SC,Caldas,Risaralda,17616,2018,9254
Fuera SC,Fuera SC,Caldas,Salamina,17653,2018,15697
Fuera SC,Fuera SC,Caldas,Samaná,17662,2018,25794
Fuera SC,Fuera SC,Caldas,San José,17665,2018,7603
Fuera SC,Fuera SC,Caldas,Supía,17777,2018,27300
Fuera SC,Fuera SC,Caldas,Victoria,17867,2018,8124
A-Manizales,En aglomeración,Caldas,Villamaría,17873,2018,59598
Fuera SC,Fuera SC,Caldas,Viterbo,17877,2018,12398
SA-Otros SC,Uninodal,Caquetá,Florencia,18001,2018,181493
Fuera SC,Fuera SC,Caquetá,Albania,18029,2018,6434
Fuera SC,Fuera SC,Caquetá,Belén de Los Andaquíes,18094,2018,11721
Fuera SC,Fuera SC,Caquetá,Cartagena del Chairá,18150,2018,34953
Fuera SC,Fuera SC,Caquetá,Curillo,18205,2018,11829
Fuera SC,Fuera SC,Caquetá,El Doncello,18247,2018,22267
Fuera SC,Fuera SC,Caquetá,El Paujíl,18256,2018,21148
Fuera SC,Fuera SC,Caquetá,La Montañita,18410,2018,24140
Fuera SC,Fuera SC,Caquetá,Milán,18460,2018,11829
Fuera SC,Fuera SC,Caquetá,Morelia,18479,2018,3892
Fuera SC,Fuera SC,Caquetá,Puerto Rico,18592,2018,33623
Fuera SC,Fuera SC,Caquetá,San José del Fragua,18610,2018,15223
Fuera SC,Fuera SC,Caquetá,San Vicente del Caguán,18753,2018,71704
Fuera SC,Fuera SC,Caquetá,Solano,18756,2018,25074
Fuera SC,Fuera SC,Caquetá,Solita,18785,2018,9139
Fuera SC,Fuera SC,Caquetá,Valparaíso,18860,2018,11772
SA-Otros SC,Uninodal,Cauca,Popayán,19001,2018,284737
Fuera SC,Fuera SC,Cauca,Almaguer,19022,2018,21351
Fuera SC,Fuera SC,Cauca,Argelia,19050,2018,27454
Fuera SC,Fuera SC,Cauca,Balboa,19075,2018,26210
Fuera SC,Fuera SC,Cauca,Bolívar,19100,2018,44836
Fuera SC,Fuera SC,Cauca,Buenos Aires,19110,2018,34037
Fuera SC,Fuera SC,Cauca,Cajibío,19130,2018,38428
Fuera SC,Fuera SC,Cauca,Caldono,19137,2018,33910
Fuera SC,Fuera SC,Cauca,Caloto,19142,2018,17736
Fuera SC,Fuera SC,Cauca,Corinto,19212,2018,33107
Fuera SC,Fuera SC,Cauca,El Tambo,19256,2018,47958
Fuera SC,Fuera SC,Cauca,Florencia,19290,2018,6175
Fuera SC,Fuera SC,Cauca,Guachené,19300,2018,19920
Fuera SC,Fuera SC,Cauca,Guapí,19318,2018,29931
Fuera SC,Fuera SC,Cauca,Inzá,19355,2018,32150
Fuera SC,Fuera SC,Cauca,Jambaló,19364,2018,18663
Fuera SC,Fuera SC,Cauca,La Sierra,19392,2018,10576
Fuera SC,Fuera SC,Cauca,La Vega,19397,2018,47007
Fuera SC,Fuera SC,Cauca,López,19418,2018,20721
Fuera SC,Fuera SC,Cauca,Mercaderes,19450,2018,18198
Fuera SC,Fuera SC,Cauca,Miranda,19455,2018,41925
Fuera SC,Fuera SC,Cauca,Morales,19473,2018,26535
A-Cali,En aglomeración,Cauca,Padilla,19513,2018,7744
Fuera SC,Fuera SC,Cauca,Páez,19517,2018,36254
Fuera SC,Fuera SC,Cauca,Patía,19532,2018,37209
Fuera SC,Fuera SC,Cauca,Piamonte,19533,2018,7437
Fuera SC,Fuera SC,Cauca,Piendamó,19548,2018,45355
A-Cali,En aglomeración,Cauca,Puerto Tejada,19573,2018,46088
Fuera SC,Fuera SC,Cauca,Puracé,19585,2018,15275
Fuera SC,Fuera SC,Cauca,Rosas,19622,2018,13542
Fuera SC,Fuera SC,Cauca,San Sebastián,19693,2018,14314
Fuera SC,Fuera SC,Cauca,Santander de Quilichao,19698,2018,97965
Fuera SC,Fuera SC,Cauca,Santa Rosa,19701,2018,10780
Fuera SC,Fuera SC,Cauca,Silvia,19743,2018,32588
Fuera SC,Fuera SC,Cauca,Sotará,19760,2018,17416
Fuera SC,Fuera SC,Cauca,Suárez,19780,2018,18485
Fuera SC,Fuera SC,Cauca,Sucre,19785,2018,8880
Fuera SC,Fuera SC,Cauca,Timbío,19807,2018,35160
Fuera SC,Fuera SC,Cauca,Timbiquí,19809,2018,21969
Fuera SC,Fuera SC,Cauca,Toribío,19821,2018,30110
Fuera SC,Fuera SC,Cauca,Totoró,19824,2018,21016
A-Cali,En aglomeración,Cauca,Villa Rica,19845,2018,16781
SA-Otros SC,Uninodal,Cesar,Valledupar,20001,2018,483286
Fuera SC,Fuera SC,Cesar,Aguachica,20011,2018,95782
Fuera SC,Fuera SC,Cesar,Agustín Codazzi,20013,2018,49654
Fuera SC,Fuera SC,Cesar,Astrea,20032,2018,19348
Fuera SC,Fuera SC,Cesar,Becerril,20045,2018,13261
Fuera SC,Fuera SC,Cesar,Bosconia,20060,2018,39100
Fuera SC,Fuera SC,Cesar,Chimichagua,20175,2018,30404
Fuera SC,Fuera SC,Cesar,Chiriguaná,20178,2018,18852
Fuera SC,Fuera SC,Cesar,Curumaní,20228,2018,23360
Fuera SC,Fuera SC,Cesar,El Copey,20238,2018,26803
Fuera SC,Fuera SC,Cesar,El Paso,20250,2018,23361
Fuera SC,Fuera SC,Cesar,Gamarra,20295,2018,17278
Fuera SC,Fuera SC,Cesar,González,20310,2018,6398
Fuera SC,Fuera SC,Cesar,La Gloria,20383,2018,12405
Fuera SC,Fuera SC,Cesar,La Jagua de Ibirico,20400,2018,22372
Fuera SC,Fuera SC,Cesar,Manaure,20443,2018,15557
Fuera SC,Fuera SC,Cesar,Pailitas,20517,2018,17462
Fuera SC,Fuera SC,Cesar,Pelaya,20550,2018,18243
Fuera SC,Fuera SC,Cesar,Pueblo Bello,20570,2018,23985
Fuera SC,Fuera SC,Cesar,Río de Oro,20614,2018,13897
Fuera SC,Fuera SC,Cesar,La Paz,20621,2018,22977
Fuera SC,Fuera SC,Cesar,San Alberto,20710,2018,26080
Fuera SC,Fuera SC,Cesar,San Diego,20750,2018,13208
Fuera SC,Fuera SC,Cesar,San Martín,20770,2018,18846
Fuera SC,Fuera SC,Cesar,Tamalameque,20787,2018,13754
SA-Montería-Sincelejo,Uninodal,Córdoba,Montería,23001,2018,460082
Fuera SC,Fuera SC,Córdoba,Ayapel,23068,2018,54144
Fuera SC,Fuera SC,Córdoba,Buenavista,23079,2018,22459
Fuera SC,Fuera SC,Córdoba,Canalete,23090,2018,23028
Fuera SC,Fuera SC,Córdoba,Cereté,23162,2018,93713
Fuera SC,Fuera SC,Córdoba,Chimá,23168,2018,15438
Fuera SC,Fuera SC,Córdoba,Chinú,23182,2018,49841
Fuera SC,Fuera SC,Córdoba,Ciénaga de Oro,23189,2018,67934
Fuera SC,Fuera SC,Córdoba,Cotorra,23300,2018,15547
Fuera SC,Fuera SC,Córdoba,La Apartada,23350,2018,16046
Fuera SC,Fuera SC,Córdoba,Lorica,23417,2018,120558
Fuera SC,Fuera SC,Córdoba,Los Córdobas,23419,2018,25947
Fuera SC,Fuera SC,Córdoba,Momil,23464,2018,15175
Fuera SC,Fuera SC,Córdoba,Montelíbano,23466,2018,86858
Fuera SC,Fuera SC,Córdoba,Moñitos,23500,2018,28708
Fuera SC,Fuera SC,Córdoba,Planeta Rica,23555,2018,68810
Fuera SC,Fuera SC,Córdoba,Pueblo Nuevo,23570,2018,40911
Fuera SC,Fuera SC,Córdoba,Puerto Escondido,23574,2018,31834
Fuera SC,Fuera SC,Córdoba,Puerto Libertador,23580,2018,52371
Fuera SC,Fuera SC,Córdoba,Purísima,23586,2018,15172
Fuera SC,Fuera SC,Córdoba,Sahagún,23660,2018,90406
Fuera SC,Fuera SC,Córdoba,San Andrés Sotavento,23670,2018,46145
Fuera SC,Fuera SC,Córdoba,San Antero,23672,2018,33096
Fuera SC,Fuera SC,Córdoba,San Bernardo del Viento,23675,2018,35874
Fuera SC,Fuera SC,Córdoba,San Carlos,23678,2018,28236
Fuera SC,Fuera SC,Córdoba,San José de Uré,23682,2018,11549
Fuera SC,Fuera SC,Córdoba,San Pelayo,23686,2018,44972
Fuera SC,Fuera SC,Córdoba,Tierralta,23807,2018,107302
Fuera SC,Fuera SC,Córdoba,Tuchín,23815,2018,40425
Fuera SC,Fuera SC,Córdoba,Valencia,23855,2018,45926
Fuera SC,Fuera SC,Cundinamarca,Agua de Dios,25001,2018,10733
Fuera SC,Fuera SC,Cundinamarca,Albán,25019,2018,5957
Fuera SC,Fuera SC,Cundinamarca,Anapoima,25035,2018,13928
Fuera SC,Fuera SC,Cundinamarca,Anolaima,25040,2018,11998
Fuera SC,Fuera SC,Cundinamarca,Arbeláez,25053,2018,12412
Fuera SC,Fuera SC,Cundinamarca,Beltrán,25086,2018,2281
Fuera SC,Fuera SC,Cundinamarca,Bituima,25095,2018,2480
A-Bogotá,En aglomeración,Cundinamarca,Bojacá,25099,2018,12448
Fuera SC,Fuera SC,Cundinamarca,Cabrera,25120,2018,4434
Fuera SC,Fuera SC,Cundinamarca,Cachipay,25123,2018,9765
A-Bogotá,En aglomeración,Cundinamarca,Cajicá,25126,2018,60379
Fuera SC,Fuera SC,Cundinamarca,Caparrapí,25148,2018,16732
Fuera SC,Fuera SC,Cundinamarca,Cáqueza,25151,2018,17303
Fuera SC,Fuera SC,Cundinamarca,Carmen de Carupa,25154,2018,9366
Fuera SC,Fuera SC,Cundinamarca,Chaguaní,25168,2018,3962
A-Bogotá,En aglomeración,Cundinamarca,Chía,25175,2018,135752
Fuera SC,Fuera SC,Cundinamarca,Chipaque,25178,2018,8401
Fuera SC,Fuera SC,Cundinamarca,Choachí,25181,2018,10553
Fuera SC,Fuera SC,Cundinamarca,Chocontá,25183,2018,27238
A-Bogotá,En aglomeración,Cundinamarca,Cogua,25200,2018,23654
A-Bogotá,En aglomeración,Cundinamarca,Cota,25214,2018,26463
Fuera SC,Fuera SC,Cundinamarca,Cucunubá,25224,2018,7589
Fuera SC,Fuera SC,Cundinamarca,El Colegio,25245,2018,22163
Fuera SC,Fuera SC,Cundinamarca,El Peñón,25258,2018,4775
Fuera SC,Fuera SC,Cundinamarca,El Rosal,25260,2018,18440
A-Bogotá,En aglomeración,Cundinamarca,Facatativá,25269,2018,139364
Fuera SC,Fuera SC,Cundinamarca,Fómeque,25279,2018,12228
Fuera SC,Fuera SC,Cundinamarca,Fosca,25281,2018,7852
A-Bogotá,En aglomeración,Cundinamarca,Funza,25286,2018,79545
Fuera SC,Fuera SC,Cundinamarca,Fúquene,25288,2018,5780
SA-Otros SC,Uninodal,Cundinamarca,Fusagasugá,25290,2018,142426
Fuera SC,Fuera SC,Cundinamarca,Gachalá,25293,2018,5674
A-Bogotá,En aglomeración,Cundinamarca,Gachancipá,25295,2018,15632
Fuera SC,Fuera SC,Cundinamarca,Gachetá,25297,2018,11310
Fuera SC,Fuera SC,Cundinamarca,Gama,25299,2018,4045
A-Girardot,Centro aglomeración,Cundinamarca,Girardot,25307,2018,106818
Fuera SC,Fuera SC,Cundinamarca,Granada,25312,2018,9253
Fuera SC,Fuera SC,Cundinamarca,Guachetá,25317,2018,11348
Fuera SC,Fuera SC,Cundinamarca,Guaduas,25320,2018,40446
Fuera SC,Fuera SC,Cundinamarca,Guasca,25322,2018,15478
Fuera SC,Fuera SC,Cundinamarca,Guataquí,25324,2018,2689
A-Bogotá,En aglomeración,Cundinamarca,Guatavita,25326,2018,6958
Fuera SC,Fuera SC,Cundinamarca,Guayabal de Síquima,25328,2018,3659
Fuera SC,Fuera SC,Cundinamarca,Guayabetal,25335,2018,4989
Fuera SC,Fuera SC,Cundinamarca,Gutiérrez,25339,2018,4312
Fuera SC,Fuera SC,Cundinamarca,Jerusalén,25368,2018,2664
Fuera SC,Fuera SC,Cundinamarca,Junín,25372,2018,8701
A-Bogotá,En aglomeración,Cundinamarca,La Calera,25377,2018,28568
Fuera SC,Fuera SC,Cundinamarca,La Mesa,25386,2018,32771
Fuera SC,Fuera SC,Cundinamarca,La Palma,25394,2018,11012
Fuera SC,Fuera SC,Cundinamarca,La Peña,25398,2018,7046
Fuera SC,Fuera SC,Cundinamarca,La Vega,25402,2018,14489
Fuera SC,Fuera SC,Cundinamarca,Lenguazaque,25407,2018,10394
Fuera SC,Fuera SC,Cundinamarca,Machetá,25426,2018,6178
A-Bogotá,En aglomeración,Cundinamarca,Madrid,25430,2018,82118
Fuera SC,Fuera SC,Cundinamarca,Manta,25436,2018,4769
Fuera SC,Fuera SC,Cundinamarca,Medina,25438,2018,10183
A-Bogotá,En aglomeración,Cundinamarca,Mosquera,25473,2018,89108
Fuera SC,Fuera SC,Cundinamarca,Nariño,25483,2018,2249
A-Bogotá,En aglomeración,Cundinamarca,Nemocón,25486,2018,14137
Fuera SC,Fuera SC,Cundinamarca,Nilo,25488,2018,19828
Fuera SC,Fuera SC,Cundinamarca,Nimaima,25489,2018,7074
Fuera SC,Fuera SC,Cundinamarca,Nocaima,25491,2018,8157
Fuera SC,Fuera SC,Cundinamarca,Venecia,25506,2018,4084
Fuera SC,Fuera SC,Cundinamarca,Pacho,25513,2018,27780
Fuera SC,Fuera SC,Cundinamarca,Paime,25518,2018,4255
Fuera SC,Fuera SC,Cundinamarca,Pandi,25524,2018,5717
Fuera SC,Fuera SC,Cundinamarca,Paratebueno,25530,2018,7809
Fuera SC,Fuera SC,Cundinamarca,Pasca,25535,2018,12479
Fuera SC,Fuera SC,Cundinamarca,Puerto Salgar,25572,2018,19665
Fuera SC,Fuera SC,Cundinamarca,Pulí,25580,2018,3031
Fuera SC,Fuera SC,Cundinamarca,Quebradanegra,25592,2018,4766
Fuera SC,Fuera SC,Cundinamarca,Quetame,25594,2018,7298
Fuera SC,Fuera SC,Cundinamarca,Quipile,25596,2018,8146
Fuera SC,Fuera SC,Cundinamarca,Apulo,25599,2018,7812
A-Girardot,En aglomeración,Cundinamarca,Ricaurte,25612,2018,9844
Fuera SC,Fuera SC,Cundinamarca,San Antonio del Tequendama,25645,2018,13272
Fuera SC,Fuera SC,Cundinamarca,San Bernardo,25649,2018,10775
Fuera SC,Fuera SC,Cundinamarca,San Cayetano,25653,2018,5354
Fuera SC,Fuera SC,Cundinamarca,San Francisco,25658,2018,10011
Fuera SC,Fuera SC,Cundinamarca,San Juan de Río Seco,25662,2018,9670
Fuera SC,Fuera SC,Cundinamarca,Sasaima,25718,2018,10828
A-Bogotá,En aglomeración,Cundinamarca,Sesquilé,25736,2018,15415
A-Bogotá,En aglomeración,Cundinamarca,Sibaté,25740,2018,40535
Fuera SC,Fuera SC,Cundinamarca,Silvania,25743,2018,22068
Fuera SC,Fuera SC,Cundinamarca,Simijaca,25745,2018,13741
A-Bogotá,En aglomeración,Cundinamarca,Soacha,25754,2018,544997
A-Bogotá,En aglomeración,Cundinamarca,Sopó,25758,2018,28518
Fuera SC,Fuera SC,Cundinamarca,Subachoque,25769,2018,17077
Fuera SC,Fuera SC,Cundinamarca,Suesca,25772,2018,18375
Fuera SC,Fuera SC,Cundinamarca,Supatá,25777,2018,5027
Fuera SC,Fuera SC,Cundinamarca,Susa,25779,2018,13189
A-Bogotá,En aglomeración,Cundinamarca,Sutatausa,25781,2018,5809
A-Bogotá,En aglomeración,Cundinamarca,Tabio,25785,2018,29042
A-Bogotá,En aglomeración,Cundinamarca,Tausa,25793,2018,9106
Fuera SC,Fuera SC,Cundinamarca,Tena,25797,2018,9359
Fuera SC,Fuera SC,Cundinamarca,Tenjo,25799,2018,20179
Fuera SC,Fuera SC,Cundinamarca,Tibacuy,25805,2018,4832
Fuera SC,Fuera SC,Cundinamarca,Tibirita,25807,2018,2938
Fuera SC,Fuera SC,Cundinamarca,Tocaima,25815,2018,18704
A-Bogotá,En aglomeración,Cundinamarca,Tocancipá,25817,2018,34554
Fuera SC,Fuera SC,Cundinamarca,Topaipí,25823,2018,4493
Fuera SC,Fuera SC,Cundinamarca,Ubalá,25839,2018,10337
Fuera SC,Fuera SC,Cundinamarca,Ubaque,25841,2018,5958
Fuera SC,Fuera SC,Cundinamarca,Ubaté,25843,2018,39393
Fuera SC,Fuera SC,Cundinamarca,Une,25845,2018,9561
Fuera SC,Fuera SC,Cundinamarca,Útica,25851,2018,5039
Fuera SC,Fuera SC,Cundinamarca,Vergara,25862,2018,7719
Fuera SC,Fuera SC,Cundinamarca,Vianí,25867,2018,4226
Fuera SC,Fuera SC,Cundinamarca,Villagómez,25871,2018,2168
Fuera SC,Fuera SC,Cundinamarca,Villapinzón,25873,2018,20711
Fuera SC,Fuera SC,Cundinamarca,Villeta,25875,2018,25497
Fuera SC,Fuera SC,Cundinamarca,Viotá,25878,2018,13328
Fuera SC,Fuera SC,Cundinamarca,Yacopí,25885,2018,17113
Fuera SC,Fuera SC,Cundinamarca,Zipacón,25898,2018,5750
A-Bogotá,En aglomeración,Cundinamarca,Zipaquirá,25899,2018,128426
SA-Otros SC,Uninodal,Chocó,Quibdó,27001,2018,116178
Fuera SC,Fuera SC,Chocó,Acandí,27006,2018,9335
Fuera SC,Fuera SC,Chocó,Alto Baudó,27025,2018,39684
Fuera SC,Fuera SC,Chocó,Atrato,27050,2018,10751
Fuera SC,Fuera SC,Chocó,Bagadó,27073,2018,7937
Fuera SC,Fuera SC,Chocó,Bahía Solano,27075,2018,9400
Fuera SC,Fuera SC,Chocó,Bajo Baudó,27077,2018,17733
Fuera SC,Fuera SC,Chocó,Bojayá,27099,2018,10113
Fuera SC,Fuera SC,Chocó,El Cantón del San Pablo,27135,2018,8586
Fuera SC,Fuera SC,Chocó,Carmen del Darién,27150,2018,5548
Fuera SC,Fuera SC,Chocó,Cértegui,27160,2018,10196
Fuera SC,Fuera SC,Chocó,Condoto,27205,2018,15165
Fuera SC,Fuera SC,Chocó,El Carmen de Atrato,27245,2018,14770
Fuera SC,Fuera SC,Chocó,El Litoral del San Juan,27250,2018,16405
Fuera SC,Fuera SC,Chocó,Istmina,27361,2018,25833
Fuera SC,Fuera SC,Chocó,Juradó,27372,2018,3239
Fuera SC,Fuera SC,Chocó,Lloró,27413,2018,11461
Fuera SC,Fuera SC,Chocó,Medio Atrato,27425,2018,32486
Fuera SC,Fuera SC,Chocó,Medio Baudó,27430,2018,14150
Fuera SC,Fuera SC,Chocó,Medio San Juan,27450,2018,17456
Fuera SC,Fuera SC,Chocó,Nóvita,27491,2018,7958
Fuera SC,Fuera SC,Chocó,Nuquí,27495,2018,8866
Fuera SC,Fuera SC,Chocó,Río Iró,27580,2018,10218
Fuera SC,Fuera SC,Chocó,Río Quito,27600,2018,9292
Fuera SC,Fuera SC,Chocó,Riosucio,27615,2018,28986
Fuera SC,Fuera SC,Chocó,San José del Palmar,27660,2018,4740
Fuera SC,Fuera SC,Chocó,Sipí,27745,2018,4219
Fuera SC,Fuera SC,Chocó,Tadó,27787,2018,19112
Fuera SC,Fuera SC,Chocó,Unguía,27800,2018,15263
Fuera SC,Fuera SC,Chocó,Unión Panamericana,27810,2018,10065
SA-Otros SC,Uninodal,Huila,Neiva,41001,2018,347438
Fuera SC,Fuera SC,Huila,Acevedo,41006,2018,35107
Fuera SC,Fuera SC,Huila,Agrado,41013,2018,9223
Fuera SC,Fuera SC,Huila,Aipe,41016,2018,28418
Fuera SC,Fuera SC,Huila,Algeciras,41020,2018,24662
Fuera SC,Fuera SC,Huila,Altamira,41026,2018,4538
Fuera SC,Fuera SC,Huila,Baraya,41078,2018,9718
Fuera SC,Fuera SC,Huila,Campoalegre,41132,2018,34772
Fuera SC,Fuera SC,Huila,Colombia,41206,2018,12778
Fuera SC,Fuera SC,Huila,Elías,41244,2018,4130
Fuera SC,Fuera SC,Huila,Garzón,41298,2018,94219
Fuera SC,Fuera SC,Huila,Gigante,41306,2018,34952
Fuera SC,Fuera SC,Huila,Guadalupe,41319,2018,22467
Fuera SC,Fuera SC,Huila,Hobo,41349,2018,7019
Fuera SC,Fuera SC,Huila,Íquira,41357,2018,13403
Fuera SC,Fuera SC,Huila,Isnos,41359,2018,28187
Fuera SC,Fuera SC,Huila,La Argentina,41378,2018,14797
Fuera SC,Fuera SC,Huila,La Plata,41396,2018,66072
Fuera SC,Fuera SC,Huila,Nátaga,41483,2018,6496
Fuera SC,Fuera SC,Huila,Oporapa,41503,2018,14475
Fuera SC,Fuera SC,Huila,Paicol,41518,2018,5691
Fuera SC,Fuera SC,Huila,Palermo,41524,2018,34406
Fuera SC,Fuera SC,Huila,Palestina,41530,2018,11950
Fuera SC,Fuera SC,Huila,Pital,41548,2018,13951
Fuera SC,Fuera SC,Huila,Pitalito,41551,2018,133205
Fuera SC,Fuera SC,Huila,Rivera,41615,2018,19378
Fuera SC,Fuera SC,Huila,Saladoblanco,41660,2018,11821
Fuera SC,Fuera SC,Huila,San Agustín,41668,2018,33814
Fuera SC,Fuera SC,Huila,Santa María,41676,2018,11646
Fuera SC,Fuera SC,Huila,Suaza,41770,2018,20558
Fuera SC,Fuera SC,Huila,Tarqui,41791,2018,18096
Fuera SC,Fuera SC,Huila,Tesalia,41797,2018,9346
Fuera SC,Fuera SC,Huila,Tello,41799,2018,14448
Fuera SC,Fuera SC,Huila,Teruel,41801,2018,8876
Fuera SC,Fuera SC,Huila,Timaná,41807,2018,20423
Fuera SC,Fuera SC,Huila,Villavieja,41872,2018,7307
Fuera SC,Fuera SC,Huila,Yaguará,41885,2018,9294
SA-Riohacha-Maicao,Uninodal,La Guajira,Riohacha,44001,2018,286973
Fuera SC,Fuera SC,La Guajira,Albania,44035,2018,28044
Fuera SC,Fuera SC,La Guajira,Barrancas,44078,2018,36862
Fuera SC,Fuera SC,La Guajira,Dibulla,44090,2018,36636
Fuera SC,Fuera SC,La Guajira,Distracción,44098,2018,16799
Fuera SC,Fuera SC,La Guajira,El Molino,44110,2018,9037
Fuera SC,Fuera SC,La Guajira,Fonseca,44279,2018,34762
Fuera SC,Fuera SC,La Guajira,Hatonuevo,44378,2018,27721
Fuera SC,Fuera SC,La Guajira,La Jagua del Pilar,44420,2018,3308
SA-Riohacha-Maicao,Uninodal,La Guajira,Maicao,44430,2018,164424
Fuera SC,Fuera SC,La Guajira,Manaure,44560,2018,116248
Fuera SC,Fuera SC,La Guajira,San Juan del Cesar,44650,2018,38900
Fuera SC,Fuera SC,La Guajira,Uribia,44847,2018,192721
Fuera SC,Fuera SC,La Guajira,Urumita,44855,2018,19214
Fuera SC,Fuera SC,La Guajira,Villanueva,44874,2018,28508
SA-Eje Caribe,Uninodal,Magdalena,Santa Marta,47001,2018,507455
Fuera SC,Fuera SC,Magdalena,Algarrobo,47030,2018,12830
Fuera SC,Fuera SC,Magdalena,Aracataca,47053,2018,40879
Fuera SC,Fuera SC,Magdalena,Ariguaní,47058,2018,32527
Fuera SC,Fuera SC,Magdalena,Cerro de San Antonio,47161,2018,7734
Fuera SC,Fuera SC,Magdalena,Chivolo,47170,2018,15793
SA-Eje Caribe,Uninodal,Magdalena,Ciénaga,47189,2018,105206
Fuera SC,Fuera SC,Magdalena,Concordia,47205,2018,9260
Fuera SC,Fuera SC,Magdalena,El Banco,47245,2018,55949
Fuera SC,Fuera SC,Magdalena,El Piñón,47258,2018,16718
Fuera SC,Fuera SC,Magdalena,El Retén,47268,2018,21766
Fuera SC,Fuera SC,Magdalena,Fundación,47288,2018,57527
Fuera SC,Fuera SC,Magdalena,Guamal,47318,2018,28012
Fuera SC,Fuera SC,Magdalena,Nueva Granada,47460,2018,21130
Fuera SC,Fuera SC,Magdalena,Pedraza,47541,2018,8095
Fuera SC,Fuera SC,Magdalena,Pijiño del Carmen,47545,2018,16411
Fuera SC,Fuera SC,Magdalena,Pivijay,47551,2018,33400
Fuera SC,Fuera SC,Magdalena,Plato,47555,2018,60824
Fuera SC,Fuera SC,Magdalena,Puebloviejo,47570,2018,32346
Fuera SC,Fuera SC,Magdalena,Remolino,47605,2018,7980
Fuera SC,Fuera SC,Magdalena,Sabanas de San Ángel,47660,2018,17568
Fuera SC,Fuera SC,Magdalena,Salamina,47675,2018,6758
Fuera SC,Fuera SC,Magdalena,San Sebastián de Buenavista,47692,2018,17568
Fuera SC,Fuera SC,Magdalena,San Zenón,47703,2018,9178
Fuera SC,Fuera SC,Magdalena,Santa Ana,47707,2018,26923
Fuera SC,Fuera SC,Magdalena,Santa Bárbara de Pinto,47720,2018,13103
A-Barranquilla,En aglomeración,Magdalena,Sitionuevo,47745,2018,32801
Fuera SC,Fuera SC,Magdalena,Tenerife,47798,2018,12214
Fuera SC,Fuera SC,Magdalena,Zapayán,47960,2018,8907
Fuera SC,Fuera SC,Magdalena,Zona Bananera,47980,2018,61829
A-Villavicencio,Centro aglomeración,Meta,Villavicencio,50001,2018,516831
Fuera SC,Fuera SC,Meta,Acacías,50006,2018,73640
Fuera SC,Fuera SC,Meta,Barranca de Upía,50110,2018,4180
Fuera SC,Fuera SC,Meta,Cabuyaro,50124,2018,4108
Fuera SC,Fuera SC,Meta,Castilla la Nueva,50150,2018,10494
Fuera SC,Fuera SC,Meta,Cubarral,50223,2018,6188
Fuera SC,Fuera SC,Meta,Cumaral,50226,2018,18395
Fuera SC,Fuera SC,Meta,El Calvario,50245,2018,2222
Fuera SC,Fuera SC,Meta,El Castillo,50251,2018,6184
Fuera SC,Fuera SC,Meta,El Dorado,50270,2018,3451
Fuera SC,Fuera SC,Meta,Fuente de Oro,50287,2018,13919
Fuera SC,Fuera SC,Meta,Granada,50313,2018,65952
Fuera SC,Fuera SC,Meta,Guamal,50318,2018,9477
Fuera SC,Fuera SC,Meta,Mapiripán,50325,2018,18532
Fuera SC,Fuera SC,Meta,Mesetas,50330,2018,11481
Fuera SC,Fuera SC,Meta,La Macarena,50350,2018,35766
Fuera SC,Fuera SC,Meta,Uribe,50370,2018,17329
Fuera SC,Fuera SC,Meta,Lejanías,50400,2018,9303
Fuera SC,Fuera SC,Meta,Puerto Concordia,50450,2018,22559
Fuera SC,Fuera SC,Meta,Puerto Gaitán,50568,2018,18903
Fuera SC,Fuera SC,Meta,Puerto López,50573,2018,34696
Fuera SC,Fuera SC,Meta,Puerto Lleras,50577,2018,9491
Fuera SC,Fuera SC,Meta,Puerto Rico,50590,2018,18870
A-Villavicencio,En aglomeración,Meta,Restrepo,50606,2018,10686
Fuera SC,Fuera SC,Meta,San Carlos de Guaroa,50680,2018,10680
Fuera SC,Fuera SC,Meta,San Juan de Arama,50683,2018,8728
Fuera SC,Fuera SC,Meta,San Juanito,50686,2018,2241
Fuera SC,Fuera SC,Meta,San Martín,50689,2018,25605
Fuera SC,Fuera SC,Meta,Vistahermosa,50711,2018,26790
A-Pasto,Centro aglomeración,Nariño,Pasto,52001,2018,455678
Fuera SC,Fuera SC,Nariño,Albán,52019,2018,22999
Fuera SC,Fuera SC,Nariño,Aldana,52022,2018,5855
Fuera SC,Fuera SC,Nariño,Ancuyá,52036,2018,6572
Fuera SC,Fuera SC,Nariño,Arboleda,52051,2018,7573
Fuera SC,Fuera SC,Nariño,Barbacoas,52079,2018,40429
Fuera SC,Fuera SC,Nariño,Belén,52083,2018,7801
Fuera SC,Fuera SC,Nariño,Buesaco,52110,2018,25947
Fuera SC,Fuera SC,Nariño,Colón,52203,2018,10238
Fuera SC,Fuera SC,Nariño,Consacá,52207,2018,9099
Fuera SC,Fuera SC,Nariño,Contadero,52210,2018,7035
Fuera SC,Fuera SC,Nariño,Córdoba,52215,2018,14091
Fuera SC,Fuera SC,Nariño,Cuaspud,52224,2018,8727
Fuera SC,Fuera SC,Nariño,Cumbal,52227,2018,39791
Fuera SC,Fuera SC,Nariño,Cumbitara,52233,2018,16598
Fuera SC,Fuera SC,Nariño,Chachagüí,52240,2018,14045
Fuera SC,Fuera SC,Nariño,El Charco,52250,2018,41042
Fuera SC,Fuera SC,Nariño,El Peñol,52254,2018,6383
Fuera SC,Fuera SC,Nariño,El Rosario,52256,2018,9801
Fuera SC,Fuera SC,Nariño,El Tablón de Gómez,52258,2018,12388
Fuera SC,Fuera SC,Nariño,El Tambo,52260,2018,11720
Fuera SC,Fuera SC,Nariño,Funes,52287,2018,6354
Fuera SC,Fuera SC,Nariño,Guachucal,52317,2018,15269
Fuera SC,Fuera SC,Nariño,Guaitarilla,52320,2018,11508
Fuera SC,Fuera SC,Nariño,Gualmatán,52323,2018,5782
Fuera SC,Fuera SC,Nariño,Iles,52352,2018,8956
Fuera SC,Fuera SC,Nariño,Imués,52354,2018,5902
SA-Otros SC,Uninodal,Nariño,Ipiales,52356,2018,148297
Fuera SC,Fuera SC,Nariño,La Cruz,52378,2018,18292
Fuera SC,Fuera SC,Nariño,La Florida,52381,2018,9297
Fuera SC,Fuera SC,Nariño,La Llanada,52385,2018,5563
Fuera SC,Fuera SC,Nariño,La Tola,52390,2018,14230
Fuera SC,Fuera SC,Nariño,La Unión,52399,2018,25483
Fuera SC,Fuera SC,Nariño,Leiva,52405,2018,14463
Fuera SC,Fuera SC,Nariño,Linares,52411,2018,9525
Fuera SC,Fuera SC,Nariño,Los Andes,52418,2018,20494
Fuera SC,Fuera SC,Nariño,Magüi,52427,2018,24610
Fuera SC,Fuera SC,Nariño,Mallama,52435,2018,7332
Fuera SC,Fuera SC,Nariño,Mosquera,52473,2018,17783
A-Pasto,En aglomeración,Nariño,Nariño,52480,2018,5074
Fuera SC,Fuera SC,Nariño,Olaya Herrera,52490,2018,32379
Fuera SC,Fuera SC,Nariño,Ospina,52506,2018,8834
Fuera SC,Fuera SC,Nariño,Francisco Pizarro,52520,2018,16461
Fuera SC,Fuera SC,Nariño,Policarpa,52540,2018,17783
Fuera SC,Fuera SC,Nariño,Potosí,52560,2018,11830
Fuera SC,Fuera SC,Nariño,Providencia,52565,2018,13711
Fuera SC,Fuera SC,Nariño,Puerres,52573,2018,8186
Fuera SC,Fuera SC,Nariño,Pupiales,52585,2018,19621
Fuera SC,Fuera SC,Nariño,Ricaurte,52612,2018,19930
Fuera SC,Fuera SC,Nariño,Roberto Payán,52621,2018,24695
Fuera SC,Fuera SC,Nariño,Samaniego,52678,2018,49270
Fuera SC,Fuera SC,Nariño,Sandoná,52683,2018,25746
Fuera SC,Fuera SC,Nariño,San Bernardo,52685,2018,20908
Fuera SC,Fuera SC,Nariño,San Lorenzo,52687,2018,20283
Fuera SC,Fuera SC,Nariño,San Pablo,52693,2018,17217
Fuera SC,Fuera SC,Nariño,San Pedro de Cartago,52694,2018,7657
Fuera SC,Fuera SC,Nariño,Santa Bárbara,52696,2018,14559
Fuera SC,Fuera SC,Nariño,Santacruz,52699,2018,30900
Fuera SC,Fuera SC,Nariño,Sapuyes,52720,2018,6017
Fuera SC,Fuera SC,Nariño,Taminango,52786,2018,21629
Fuera SC,Fuera SC,Nariño,Tangua,52788,2018,9252
SA-Otros SC,Uninodal,Nariño,San Andrés de Tumaco,52835,2018,212692
Fuera SC,Fuera SC,Nariño,Túquerres,52838,2018,40276
Fuera SC,Fuera SC,Nariño,Yacuanquer,52885,2018,11254
A-Cúcuta,Centro aglomeración,Norte de Santander,Cúcuta,54001,2018,668838
Fuera SC,Fuera SC,Norte de Santander,Ábrego,54003,2018,39090
Fuera SC,Fuera SC,Norte de Santander,Arboledas,54051,2018,8946
Fuera SC,Fuera SC,Norte de Santander,Bochalema,54099,2018,7103
Fuera SC,Fuera SC,Norte de Santander,Bucarasica,54109,2018,4573
Fuera SC,Fuera SC,Norte de Santander,Cácota,54125,2018,1763
Fuera SC,Fuera SC,Norte de Santander,Cáchira,54128,2018,11091
Fuera SC,Fuera SC,Norte de Santander,Chinácota,54172,2018,16848
Fuera SC,Fuera SC,Norte de Santander,Chitagá,54174,2018,10427
Fuera SC,Fuera SC,Norte de Santander,Convención,54206,2018,12765
Fuera SC,Fuera SC,Norte de Santander,Cucutilla,54223,2018,7491
Fuera SC,Fuera SC,Norte de Santander,Durania,54239,2018,3679
Fuera SC,Fuera SC,Norte de Santander,El Carmen,54245,2018,13363
Fuera SC,Fuera SC,Norte de Santander,El Tarra,54250,2018,11025
Fuera SC,Fuera SC,Norte de Santander,El Zulia,54261,2018,23663
Fuera SC,Fuera SC,Norte de Santander,Gramalote,54313,2018,5370
Fuera SC,Fuera SC,Norte de Santander,Hacarí,54344,2018,10860
Fuera SC,Fuera SC,Norte de Santander,Herrán,54347,2018,3924
Fuera SC,Fuera SC,Norte de Santander,Labateca,54377,2018,5898
Fuera SC,Fuera SC,Norte de Santander,La Esperanza,54385,2018,12370
Fuera SC,Fuera SC,Norte de Santander,La Playa,54398,2018,8563
A-Cúcuta,En aglomeración,Norte de Santander,Los Patios,54405,2018,79336
Fuera SC,Fuera SC,Norte de Santander,Lourdes,54418,2018,3351
Fuera SC,Fuera SC,Norte de Santander,Mutiscua,54480,2018,3727
SA-Otros SC,Uninodal,Norte de Santander,Ocaña,54498,2018,100461
SA-Otros SC,Uninodal,Norte de Santander,Pamplona,54518,2018,58592
Fuera SC,Fuera SC,Norte de Santander,Pamplonita,54520,2018,4971
Fuera SC,Fuera SC,Norte de Santander,Puerto Santander,54553,2018,10757
Fuera SC,Fuera SC,Norte de Santander,Ragonvalia,54599,2018,6907
Fuera SC,Fuera SC,Norte de Santander,Salazar,54660,2018,8870
Fuera SC,Fuera SC,Norte de Santander,San Calixto,54670,2018,13880
A-Cúcuta,En aglomeración,Norte de Santander,San Cayetano,54673,2018,5753
Fuera SC,Fuera SC,Norte de Santander,Santiago,54680,2018,2872
Fuera SC,Fuera SC,Norte de Santander,Sardinata,54720,2018,22596
Fuera SC,Fuera SC,Norte de Santander,Silos,54743,2018,4198
Fuera SC,Fuera SC,Norte de Santander,Teorama,54800,2018,22910
Fuera SC,Fuera SC,Norte de Santander,Tibú,54810,2018,37098
Fuera SC,Fuera SC,Norte de Santander,Toledo,54820,2018,17287
Fuera SC,Fuera SC,Norte de Santander,Villa Caro,54871,2018,5227
A-Cúcuta,En aglomeración,Norte de Santander,Villa del Rosario,54874,2018,94796
A-Armenia,Centro aglomeración,Quindío,Armenia,63001,2018,301224
Fuera SC,Fuera SC,Quindío,Buenavista,63111,2018,2758
A-Armenia,En aglomeración,Quindío,Calarcá,63130,2018,78779
A-Armenia,En aglomeración,Quindío,Circasia,63190,2018,30655
Fuera SC,Fuera SC,Quindío,Córdoba,63212,2018,5268
Fuera SC,Fuera SC,Quindío,Filandia,63272,2018,13580
Fuera SC,Fuera SC,Quindío,Génova,63302,2018,7487
A-Armenia,En aglomeración,Quindío,La Tebaida,63401,2018,45242
Fuera SC,Fuera SC,Quindío,Montenegro,63470,2018,41722
Fuera SC,Fuera SC,Quindío,Pijao,63548,2018,6000
Fuera SC,Fuera SC,Quindío,Quimbaya,63594,2018,35195
Fuera SC,Fuera SC,Quindío,Salento,63690,2018,7100
A-Pereira,Centro aglomeración,Risaralda,Pereira,66001,2018,476636
Fuera SC,Fuera SC,Risaralda,Apía,66045,2018,19426
Fuera SC,Fuera SC,Risaralda,Balboa,66075,2018,6333
Fuera SC,Fuera SC,Risaralda,Belén de Umbría,66088,2018,27728
A-Pereira,En aglomeración,Risaralda,Dosquebradas,66170,2018,204739
Fuera SC,Fuera SC,Risaralda,Guática,66318,2018,15169
Fuera SC,Fuera SC,Risaralda,La Celia,66383,2018,8544
Fuera SC,Fuera SC,Risaralda,La Virginia,66400,2018,32265
Fuera SC,Fuera SC,Risaralda,Marsella,66440,2018,23917
Fuera SC,Fuera SC,Risaralda,Mistrató,66456,2018,16595
Fuera SC,Fuera SC,Risaralda,Pueblo Rico,66572,2018,13817
Fuera SC,Fuera SC,Risaralda,Quinchía,66594,2018,33941
A-Pereira,En aglomeración,Risaralda,Santa Rosa de Cabal,66682,2018,72836
Fuera SC,Fuera SC,Risaralda,Santuario,66687,2018,15821
A-Bucaramanga,Centro aglomeración,Santander,Bucaramanga,68001,2018,528610
Fuera SC,Fuera SC,Santander,Aguada,68013,2018,1782
Fuera SC,Fuera SC,Santander,Albania,68020,2018,5289
Fuera SC,Fuera SC,Santander,Aratoca,68051,2018,8280
Fuera SC,Fuera SC,Santander,Barbosa,68077,2018,29352
Fuera SC,Fuera SC,Santander,Barichara,68079,2018,7062
SA-Bucaramanga,Uninodal,Santander,Barrancabermeja,68081,2018,191495
Fuera SC,Fuera SC,Santander,Betulia,68092,2018,5031
Fuera SC,Fuera SC,Santander,Bolívar,68101,2018,11919
Fuera SC,Fuera SC,Santander,Cabrera,68121,2018,2400
Fuera SC,Fuera SC,Santander,California,68132,2018,2037
Fuera SC,Fuera SC,Santander,Capitanejo,68147,2018,5430
Fuera SC,Fuera SC,Santander,Carcasí,68152,2018,4966
Fuera SC,Fuera SC,Santander,Cepitá,68160,2018,1819
Fuera SC,Fuera SC,Santander,Cerrito,68162,2018,5532
Fuera SC,Fuera SC,Santander,Charalá,68167,2018,10290
Fuera SC,Fuera SC,Santander,Charta,68169,2018,2549
Fuera SC,Fuera SC,Santander,Chima,68176,2018,3014
Fuera SC,Fuera SC,Santander,Chipatá,68179,2018,5062
Fuera SC,Fuera SC,Santander,Cimitarra,68190,2018,48328
Fuera SC,Fuera SC,Santander,Concepción,68207,2018,5110
Fuera SC,Fuera SC,Santander,Confines,68209,2018,2695
Fuera SC,Fuera SC,Santander,Contratación,68211,2018,3352
Fuera SC,Fuera SC,Santander,Coromoro,68217,2018,7642
Fuera SC,Fuera SC,Santander,Curití,68229,2018,12016
Fuera SC,Fuera SC,Santander,El Carmen de Chucurí,68235,2018,20671
Fuera SC,Fuera SC,Santander,El Guacamayo,68245,2018,1918
Fuera SC,Fuera SC,Santander,El Peñón,68250,2018,5038
Fuera SC,Fuera SC,Santander,El Playón,68255,2018,11385
Fuera SC,Fuera SC,Santander,Encino,68264,2018,2440
Fuera SC,Fuera SC,Santander,Enciso,68266,2018,3136
Fuera SC,Fuera SC,Santander,Florián,68271,2018,6276
A-Bucaramanga,En aglomeración,Santander,Floridablanca,68276,2018,267124
Fuera SC,Fuera SC,Santander,Galán,68296,2018,2139
Fuera SC,Fuera SC,Santander,Gámbita,68298,2018,5039
A-Bucaramanga,En aglomeración,Santander,Girón,68307,2018,195499
Fuera SC,Fuera SC,Santander,Guaca,68318,2018,6264
Fuera SC,Fuera SC,Santander,Guadalupe,68320,2018,4519
Fuera SC,Fuera SC,Santander,Guapotá,68322,2018,2096
Fuera SC,Fuera SC,Santander,Guavatá,68324,2018,3495
Fuera SC,Fuera SC,Santander,Güepsa,68327,2018,3730
Fuera SC,Fuera SC,Santander,Hato,68344,2018,2324
Fuera SC,Fuera SC,Santander,Jesús María,68368,2018,3045
Fuera SC,Fuera SC,Santander,Jordán,68370,2018,1089
Fuera SC,Fuera SC,Santander,La Belleza,68377,2018,8596
Fuera SC,Fuera SC,Santander,Landázuri,68385,2018,15430
Fuera SC,Fuera SC,Santander,La Paz,68397,2018,5027
Fuera SC,Fuera SC,Santander,Lebrija,68406,2018,41122
Fuera SC,Fuera SC,Santander,Los Santos,68418,2018,12539
Fuera SC,Fuera SC,Santander,Macaravita,68425,2018,2263
SA-Otros SC,Uninodal,Santander,Málaga,68432,2018,18271
Fuera SC,Fuera SC,Santander,Matanza,68444,2018,5147
Fuera SC,Fuera SC,Santander,Mogotes,68464,2018,10864
Fuera SC,Fuera SC,Santander,Molagavita,68468,2018,5029
Fuera SC,Fuera SC,Santander,Ocamonte,68498,2018,4702
Fuera SC,Fuera SC,Santander,Oiba,68500,2018,11980
Fuera SC,Fuera SC,Santander,Onzaga,68502,2018,4895
Fuera SC,Fuera SC,Santander,Palmar,68522,2018,3474
Fuera SC,Fuera SC,Santander,Palmas del Socorro,68524,2018,2196
Fuera SC,Fuera SC,Santander,Páramo,68533,2018,4252
A-Bucaramanga,En aglomeración,Santander,Piedecuesta,68547,2018,159760
Fuera SC,Fuera SC,Santander,Pinchote,68549,2018,5460
Fuera SC,Fuera SC,Santander,Puente Nacional,68572,2018,11900
Fuera SC,Fuera SC,Santander,Puerto Parra,68573,2018,7891
Fuera SC,Fuera SC,Santander,Puerto Wilches,68575,2018,31505
Fuera SC,Fuera SC,Santander,Rionegro,68615,2018,26461
Fuera SC,Fuera SC,Santander,Sabana de Torres,68655,2018,18149
Fuera SC,Fuera SC,Santander,San Andrés,68669,2018,8208
Fuera SC,Fuera SC,Santander,San Benito,68673,2018,4007
SA-Otros SC,Uninodal,Santander,San Gil,68679,2018,45891
Fuera SC,Fuera SC,Santander,San Joaquín,68682,2018,2371
Fuera SC,Fuera SC,Santander,San José de Miranda,68684,2018,4214
Fuera SC,Fuera SC,Santander,San Miguel,68686,2018,2295
Fuera SC,Fuera SC,Santander,San Vicente de Chucurí,68689,2018,35000
Fuera SC,Fuera SC,Santander,Santa Bárbara,68705,2018,2085
Fuera SC,Fuera SC,Santander,Santa Helena del Opón,68720,2018,4266
Fuera SC,Fuera SC,Santander,Simacota,68745,2018,7493
Fuera SC,Fuera SC,Santander,Socorro,68755,2018,30985
Fuera SC,Fuera SC,Santander,Suaita,68770,2018,10072
Fuera SC,Fuera SC,Santander,Sucre,68773,2018,8172
Fuera SC,Fuera SC,Santander,Suratá,68780,2018,3196
Fuera SC,Fuera SC,Santander,Tona,68820,2018,7201
Fuera SC,Fuera SC,Santander,Valle de San José,68855,2018,4495
Fuera SC,Fuera SC,Santander,Vélez,68861,2018,18871
Fuera SC,Fuera SC,Santander,Vetas,68867,2018,2464
Fuera SC,Fuera SC,Santander,Villanueva,68872,2018,5548
Fuera SC,Fuera SC,Santander,Zapatoca,68895,2018,8803
SA-Montería-Sincelejo,Uninodal,Sucre,Sincelejo,70001,2018,286749
Fuera SC,Fuera SC,Sucre,Buenavista,70110,2018,9746
Fuera SC,Fuera SC,Sucre,Caimito,70124,2018,12419
Fuera SC,Fuera SC,Sucre,Colosó,70204,2018,5731
Fuera SC,Fuera SC,Sucre,Corozal,70215,2018,63657
Fuera SC,Fuera SC,Sucre,Coveñas,70221,2018,14288
Fuera SC,Fuera SC,Sucre,Chalán,70230,2018,4401
Fuera SC,Fuera SC,Sucre,El Roble,70233,2018,10917
Fuera SC,Fuera SC,Sucre,Galeras,70235,2018,21199
Fuera SC,Fuera SC,Sucre,Guaranda,70265,2018,18124
Fuera SC,Fuera SC,Sucre,La Unión,70400,2018,11454
Fuera SC,Fuera SC,Sucre,Los Palmitos,70418,2018,19224
Fuera SC,Fuera SC,Sucre,Majagual,70429,2018,33811
Fuera SC,Fuera SC,Sucre,Morroa,70473,2018,14937
Fuera SC,Fuera SC,Sucre,Ovejas,70508,2018,20906
Fuera SC,Fuera SC,Sucre,Palmito,70523,2018,14499
Fuera SC,Fuera SC,Sucre,Sampués,70670,2018,38339
Fuera SC,Fuera SC,Sucre,San Benito Abad,70678,2018,26298
Fuera SC,Fuera SC,Sucre,San Juan de Betulia,70702,2018,12583
Fuera SC,Fuera SC,Sucre,San Marcos,70708,2018,59237
Fuera SC,Fuera SC,Sucre,San Onofre,70713,2018,51536
Fuera SC,Fuera SC,Sucre,San Pedro,70717,2018,15925
Fuera SC,Fuera SC,Sucre,San Luis de Sincé,70742,2018,34681
Fuera SC,Fuera SC,Sucre,Sucre,70771,2018,22450
Fuera SC,Fuera SC,Sucre,Santiago de Tolú,70820,2018,35054
Fuera SC,Fuera SC,Sucre,Tolú Viejo,70823,2018,18892
SA-Otros SC,Uninodal,Tolima,Ibagué,73001,2018,569336
Fuera SC,Fuera SC,Tolima,Alpujarra,73024,2018,4948
Fuera SC,Fuera SC,Tolima,Alvarado,73026,2018,8777
Fuera SC,Fuera SC,Tolima,Ambalema,73030,2018,6594
Fuera SC,Fuera SC,Tolima,Anzoátegui,73043,2018,19059
Fuera SC,Fuera SC,Tolima,Armero Guayabal,73055,2018,11609
Fuera SC,Fuera SC,Tolima,Ataco,73067,2018,22752
Fuera SC,Fuera SC,Tolima,Cajamarca,73124,2018,19611
Fuera SC,Fuera SC,Tolima,Carmen de Apicalá,73148,2018,8916
Fuera SC,Fuera SC,Tolima,Casabianca,73152,2018,6603
Fuera SC,Fuera SC,Tolima,Chaparral,73168,2018,47344
Fuera SC,Fuera SC,Tolima,Coello,73200,2018,9963
Fuera SC,Fuera SC,Tolima,Coyaima,73217,2018,28412
Fuera SC,Fuera SC,Tolima,Cunday,73226,2018,9459
Fuera SC,Fuera SC,Tolima,Dolores,73236,2018,7826
Fuera SC,Fuera SC,Tolima,Espinal,73268,2018,75949
Fuera SC,Fuera SC,Tolima,Falan,73270,2018,9196
A-Girardot,En aglomeración,Tolima,Flandes,73275,2018,29377
Fuera SC,Fuera SC,Tolima,Fresno,73283,2018,29917
Fuera SC,Fuera SC,Tolima,Guamo,73319,2018,31605
Fuera SC,Fuera SC,Tolima,Herveo,73347,2018,7795
SA-Otros SC,Uninodal,Tolima,Honda,73349,2018,24077
Fuera SC,Fuera SC,Tolima,Icononzo,73352,2018,10705
Fuera SC,Fuera SC,Tolima,Lérida,73408,2018,17013
Fuera SC,Fuera SC,Tolima,Líbano,73411,2018,39866
Fuera SC,Fuera SC,Tolima,Mariquita,73443,2018,33358
Fuera SC,Fuera SC,Tolima,Melgar,73449,2018,36930
Fuera SC,Fuera SC,Tolima,Murillo,73461,2018,5001
Fuera SC,Fuera SC,Tolima,Natagaima,73483,2018,22390
Fuera SC,Fuera SC,Tolima,Ortega,73504,2018,32256
Fuera SC,Fuera SC,Tolima,Palocabildo,73520,2018,9090
Fuera SC,Fuera SC,Tolima,Piedras,73547,2018,5683
Fuera SC,Fuera SC,Tolima,Planadas,73555,2018,30066
Fuera SC,Fuera SC,Tolima,Prado,73563,2018,7513
Fuera SC,Fuera SC,Tolima,Purificación,73585,2018,29665
Fuera SC,Fuera SC,Tolima,Rioblanco,73616,2018,24244
Fuera SC,Fuera SC,Tolima,Roncesvalles,73622,2018,6352
Fuera SC,Fuera SC,Tolima,Rovira,73624,2018,20349
Fuera SC,Fuera SC,Tolima,Saldaña,73671,2018,14255
Fuera SC,Fuera SC,Tolima,San Antonio,73675,2018,14138
Fuera SC,Fuera SC,Tolima,San Luis,73678,2018,19130
Fuera SC,Fuera SC,Tolima,Santa Isabel,73686,2018,6319
Fuera SC,Fuera SC,Tolima,Suárez,73770,2018,4547
Fuera SC,Fuera SC,Tolima,Valle de San Juan,73854,2018,6405
Fuera SC,Fuera SC,Tolima,Venadillo,73861,2018,19764
Fuera SC,Fuera SC,Tolima,Villahermosa,73870,2018,10531
Fuera SC,Fuera SC,Tolima,Villarrica,73873,2018,5252
A-Cali,Centro aglomeración,Valle del Cauca,Cali,76001,2018,2445405
Fuera SC,Fuera SC,Valle del Cauca,Alcalá,76020,2018,22710
A-Tuluá,En aglomeración,Valle del Cauca,Andalucía,76036,2018,17738
Fuera SC,Fuera SC,Valle del Cauca,Ansermanuevo,76041,2018,19252
Fuera SC,Fuera SC,Valle del Cauca,Argelia,76054,2018,6364
Fuera SC,Fuera SC,Valle del Cauca,Bolívar,76100,2018,12961
SA-Cali-Norte Valle,Uninodal,Valle del Cauca,Buenaventura,76109,2018,424047
SA-Cali-Norte Valle,Uninodal,Valle del Cauca,Guadalajara de Buga,76111,2018,114562
Fuera SC,Fuera SC,Valle del Cauca,Bugalagrande,76113,2018,21017
Fuera SC,Fuera SC,Valle del Cauca,Caicedonia,76122,2018,29526
Fuera SC,Fuera SC,Valle del Cauca,Calima,76126,2018,15848
A-Cali,En aglomeración,Valle del Cauca,Candelaria,76130,2018,85352
SA-Eje Cafetero,Uninodal,Valle del Cauca,Cartago,76147,2018,134308
Fuera SC,Fuera SC,Valle del Cauca,Dagua,76233,2018,36775
Fuera SC,Fuera SC,Valle del Cauca,El Águila,76243,2018,11209
Fuera SC,Fuera SC,Valle del Cauca,El Cairo,76246,2018,10184
Fuera SC,Fuera SC,Valle del Cauca,El Cerrito,76248,2018,58296
Fuera SC,Fuera SC,Valle del Cauca,El Dovio,76250,2018,8236
A-Cali,En aglomeración,Valle del Cauca,Florida,76275,2018,58775
Fuera SC,Fuera SC,Valle del Cauca,Ginebra,76306,2018,21624
Fuera SC,Fuera SC,Valle del Cauca,Guacarí,76318,2018,35377
A-Cali,En aglomeración,Valle del Cauca,Jamundí,76364,2018,127228
Fuera SC,Fuera SC,Valle del Cauca,La Cumbre,76377,2018,11672
Fuera SC,Fuera SC,Valle del Cauca,La Unión,76400,2018,39671
Fuera SC,Fuera SC,Valle del Cauca,La Victoria,76403,2018,12994
Fuera SC,Fuera SC,Valle del Cauca,Obando,76497,2018,15229
SA-Cali-Norte Valle,Uninodal,Valle del Cauca,Palmira,76520,2018,310594
A-Cali,En aglomeración,Valle del Cauca,Pradera,76563,2018,57257
Fuera SC,Fuera SC,Valle del Cauca,Restrepo,76606,2018,16365
Fuera SC,Fuera SC,Valle del Cauca,Riofrío,76616,2018,14029
Fuera SC,Fuera SC,Valle del Cauca,Roldanillo,76622,2018,32226
Fuera SC,Fuera SC,Valle del Cauca,San Pedro,76670,2018,18882
Fuera SC,Fuera SC,Valle del Cauca,Sevilla,76736,2018,44311
Fuera SC,Fuera SC,Valle del Cauca,Toro,76823,2018,16598
Fuera SC,Fuera SC,Valle del Cauca,Trujillo,76828,2018,17919
A-Tuluá,Centro aglomeración,Valle del Cauca,Tuluá,76834,2018,219148
Fuera SC,Fuera SC,Valle del Cauca,Ulloa,76845,2018,5336
Fuera SC,Fuera SC,Valle del Cauca,Versalles,76863,2018,6926
A-Cali,En aglomeración,Valle del Cauca,Vijes,76869,2018,11409
Fuera SC,Fuera SC,Valle del Cauca,Yotoco,76890,2018,16491
A-Cali,En aglomeración,Valle del Cauca,Yumbo,76892,2018,125663
Fuera SC,Fuera SC,Valle del Cauca,Zarzal,76895,2018,46599
SA-Otros SC,Uninodal,Arauca,Arauca,81001,2018,92107
Fuera SC,Fuera SC,Arauca,Arauquita,81065,2018,42580
Fuera SC,Fuera SC,Arauca,Cravo Norte,81220,2018,3226
Fuera SC,Fuera SC,Arauca,Fortul,81300,2018,26454
Fuera SC,Fuera SC,Arauca,Puerto Rondón,81591,2018,3825
Fuera SC,Fuera SC,Arauca,Saravena,81736,2018,48318
Fuera SC,Fuera SC,Arauca,Tame,81794,2018,54198
SA-Otros SC,Uninodal,Casanare,Yopal,85001,2018,149426
Fuera SC,Fuera SC,Casanare,Aguazul,85010,2018,41994
Fuera SC,Fuera SC,Casanare,Chámeza,85015,2018,2603
Fuera SC,Fuera SC,Casanare,Hato Corozal,85125,2018,12794
Fuera SC,Fuera SC,Casanare,La Salina,85136,2018,1465
Fuera SC,Fuera SC,Casanare,Maní,85139,2018,11123
Fuera SC,Fuera SC,Casanare,Monterrey,85162,2018,15399
Fuera SC,Fuera SC,Casanare,Nunchía,85225,2018,8928
Fuera SC,Fuera SC,Casanare,Orocué,85230,2018,8424
Fuera SC,Fuera SC,Casanare,Paz de Ariporo,85250,2018,26357
Fuera SC,Fuera SC,Casanare,Pore,85263,2018,7909
Fuera SC,Fuera SC,Casanare,Recetor,85279,2018,4528
Fuera SC,Fuera SC,Casanare,Sabanalarga,85300,2018,2856
Fuera SC,Fuera SC,Casanare,Sácama,85315,2018,2085
Fuera SC,Fuera SC,Casanare,San Luis de Palenque,85325,2018,7905
Fuera SC,Fuera SC,Casanare,Támara,85400,2018,7029
Fuera SC,Fuera SC,Casanare,Tauramena,85410,2018,24066
Fuera SC,Fuera SC,Casanare,Trinidad,85430,2018,15840
Fuera SC,Fuera SC,Casanare,Villanueva,85440,2018,24518
SA-Otros SC,Uninodal,Putumayo,Mocoa,86001,2018,44631
Fuera SC,Fuera SC,Putumayo,Colón,86219,2018,5651
Fuera SC,Fuera SC,Putumayo,Orito,86320,2018,56365
SA-Otros SC,Uninodal,Putumayo,Puerto Asís,86568,2018,62232
Fuera SC,Fuera SC,Putumayo,Puerto Caicedo,86569,2018,14729
Fuera SC,Fuera SC,Putumayo,Puerto Guzmán,86571,2018,24169
Fuera SC,Fuera SC,Putumayo,Leguízamo,86573,2018,15380
Fuera SC,Fuera SC,Putumayo,Sibundoy,86749,2018,14396
Fuera SC,Fuera SC,Putumayo,San Francisco,86755,2018,7190
Fuera SC,Fuera SC,Putumayo,San Miguel,86757,2018,28329
Fuera SC,Fuera SC,Putumayo,Santiago,86760,2018,10776
Fuera SC,Fuera SC,Putumayo,Valle del Guamuez,86865,2018,53649
Fuera SC,Fuera SC,Putumayo,Villagarzón,86885,2018,21399
SA-Otros SC,Uninodal,Archipiélago de San Andrés,San Andrés,88001,2018,73221
Fuera SC,Fuera SC,Archipiélago de San Andrés,Providencia,88564,2018,5192
SA-Otros SC,Uninodal,Amazonas,Leticia,91001,2018,42280
Fuera SC,Fuera SC,Amazonas,El Encanto (ANM),91263,2018,4972
Fuera SC,Fuera SC,Amazonas,La Chorrera (ANM),91405,2018,4044
Fuera SC,Fuera SC,Amazonas,La Pedrera (ANM),91407,2018,5417
Fuera SC,Fuera SC,Amazonas,La Victoria (ANM),91430,2018,1140
Fuera SC,Fuera SC,Amazonas,Miriti - Paraná (ANM),91460,2018,1515
Fuera SC,Fuera SC,Amazonas,Puerto Alegría (ANM),91530,2018,2196
Fuera SC,Fuera SC,Amazonas,Puerto Arica (ANM),91536,2018,1320
Fuera SC,Fuera SC,Amazonas,Puerto Nariño,91540,2018,8519
Fuera SC,Fuera SC,Amazonas,Puerto Santander (ANM),91669,2018,3113
Fuera SC,Fuera SC,Amazonas,Tarapacá (ANM),91798,2018,4314
SA-Otros SC,Uninodal,Guainía,Inírida,94001,2018,20312
Fuera SC,Fuera SC,Guainía,Barranco Minas,94343,2018,4984
Fuera SC,Fuera SC,Guainía,Mapiripana (ANM),94663,2018,2759
Fuera SC,Fuera SC,Guainía,San Felipe (ANM),94883,2018,2306
Fuera SC,Fuera SC,Guainía,Puerto Colombia (ANM),94884,2018,5031
Fuera SC,Fuera SC,Guainía,La Guadalupe (ANM),94885,2018,410
Fuera SC,Fuera SC,Guainía,Cacahual (ANM),94886,2018,2812
Fuera SC,Fuera SC,Guainía,Pana Pana (ANM),94887,2018,3467
Fuera SC,Fuera SC,Guainía,Morichal (ANM),94888,2018,1365
SA-Otros SC,Uninodal,Guaviare,San José del Guaviare,95001,2018,67767
Fuera SC,Fuera SC,Guaviare,Calamar,95015,2018,8456
Fuera SC,Fuera SC,Guaviare,El Retorno,95025,2018,24155
Fuera SC,Fuera SC,Guaviare,Miraflores,95200,2018,15451
SA-Otros SC,Uninodal,Vaupés,Mitú,97001,2018,32457
Fuera SC,Fuera SC,Vaupés,Carurú,97161,2018,3340
Fuera SC,Fuera SC,Vaupés,Pacoa (ANM),97511,2018,6121
Fuera SC,Fuera SC,Vaupés,Taraira,97666,2018,952
Fuera SC,Fuera SC,Vaupés,Papunaua (ANM),97777,2018,832
Fuera SC,Fuera SC,Vaupés,Yavaraté (ANM),97889,2018,1226
SA-Otros SC,Uninodal,Vichada,Puerto Carreño,99001,2018,16504
Fuera SC,Fuera SC,Vichada,La Primavera,99524,2018,17026
Fuera SC,Fuera SC,Vichada,Santa Rosalía,99624,2018,4197
Fuera SC,Fuera SC,Vichada,Cumaribo,99773,2018,39549
